{"cameraMode":{"drawMode":0,"name":"Shaded","section":"Shading Mode"},"sceneLighting":false,"audioPlay":false,"sceneViewState":{"showFog":true,"showMaterialUpdate":false,"showSkybox":false,"showFlares":true,"showImageEffects":true,"showParticleSystems":true},"in2DMode":false,"pivot":{"x":3.7899999618530275,"y":1.4700000286102296,"z":-42.93000030517578},"rotation":{"x":-0.076775461435318,"y":-0.9125483632087708,"z":0.20167015492916108,"w":-0.3474050462245941},"size":4.041658401489258,"orthographic":false}