{"cameraMode":{"drawMode":0,"name":"Shaded","section":"Shading Mode"},"sceneLighting":false,"audioPlay":false,"sceneViewState":{"showFog":true,"showMaterialUpdate":false,"showSkybox":false,"showFlares":true,"showImageEffects":true,"showParticleSystems":true},"in2DMode":false,"pivot":{"x":0.3999999761581421,"y":2.3499999046325685,"z":-52.040000915527347},"rotation":{"x":0.3871001899242401,"y":-0.423829585313797,"z":0.20709101855754853,"w":0.7922344207763672},"size":3.7770230770111086,"orthographic":false}