{"cameraMode":{"drawMode":0,"name":"Shaded","section":"Shading Mode"},"sceneLighting":true,"audioPlay":false,"sceneViewState":{"showFog":true,"showMaterialUpdate":false,"showSkybox":true,"showFlares":true,"showImageEffects":true,"showParticleSystems":true},"in2DMode":false,"pivot":{"x":0.78025883436203,"y":3.16035795211792,"z":-53.940269470214847},"rotation":{"x":-0.0822165310382843,"y":-0.19880256056785584,"z":0.01673929952085018,"w":-0.9764414429664612},"size":1.3931362628936768,"orthographic":false}