{"cameraMode":{"drawMode":0,"name":"Shaded","section":"Shading Mode"},"sceneLighting":false,"audioPlay":false,"sceneViewState":{"showFog":true,"showMaterialUpdate":false,"showSkybox":false,"showFlares":true,"showImageEffects":true,"showParticleSystems":true},"in2DMode":false,"pivot":{"x":0.0,"y":1.5080000162124634,"z":-47.599998474121097},"rotation":{"x":0.12845878303050996,"y":-0.8640227317810059,"z":0.3999258577823639,"w":0.27752918004989626},"size":3.942775249481201,"orthographic":false}