{"cameraMode":{"drawMode":0,"name":"Shaded","section":"Shading Mode"},"sceneLighting":true,"audioPlay":false,"sceneViewState":{"showFog":true,"showMaterialUpdate":false,"showSkybox":true,"showFlares":true,"showImageEffects":true,"showParticleSystems":true},"in2DMode":false,"pivot":{"x":-3.1319332122802736,"y":-3.7368011474609377,"z":-25.860322952270509},"rotation":{"x":-0.25057122111320498,"y":-0.5545362830162048,"z":0.17977702617645265,"w":-0.7729061245918274},"size":36.62763214111328,"orthographic":false}