{"cameraMode":{"drawMode":0,"name":"Shaded","section":"Shading Mode"},"sceneLighting":true,"audioPlay":false,"sceneViewState":{"showFog":true,"showMaterialUpdate":false,"showSkybox":true,"showFlares":true,"showImageEffects":true,"showParticleSystems":true},"in2DMode":false,"pivot":{"x":8.187997817993164,"y":-9.413375854492188,"z":-10.175291061401368},"rotation":{"x":-0.14409014582633973,"y":-0.8240569233894348,"z":0.2414339780807495,"w":-0.4918108880519867},"size":47.779388427734378,"orthographic":false}