{"cameraMode":{"drawMode":0,"name":"Shaded","section":"Shading Mode"},"sceneLighting":true,"audioPlay":false,"sceneViewState":{"showFog":true,"showMaterialUpdate":false,"showSkybox":true,"showFlares":true,"showImageEffects":true,"showParticleSystems":true},"in2DMode":false,"pivot":{"x":441.512451171875,"y":211.03721618652345,"z":2.8995361328125},"rotation":{"x":0.005993889179080725,"y":0.03613771125674248,"z":0.00021683347586076707,"w":-0.9993288516998291},"size":463.943359375,"orthographic":false}